{"cameraMode":{"drawMode":0,"name":"Shaded","section":"Shading Mode"},"sceneLighting":true,"audioPlay":false,"sceneViewState":{"showFog":true,"showMaterialUpdate":false,"showSkybox":true,"showFlares":true,"showImageEffects":true,"showParticleSystems":true},"in2DMode":false,"pivot":{"x":-1.7264959812164307,"y":1.3738348484039307,"z":7.304121494293213},"rotation":{"x":-0.10521242767572403,"y":-0.12164328992366791,"z":0.013071192428469658,"w":-0.9869969487190247},"size":9.31413459777832,"orthographic":false}