{"cameraMode":{"drawMode":0,"name":"Shaded","section":"Shading Mode"},"sceneLighting":true,"audioPlay":false,"sceneViewState":{"showFog":true,"showMaterialUpdate":false,"showSkybox":true,"showFlares":true,"showImageEffects":true,"showParticleSystems":true},"in2DMode":false,"pivot":{"x":-10.609992980957032,"y":7.714927673339844,"z":45.63111114501953},"rotation":{"x":0.04985937103629112,"y":0.7884730696678162,"z":-0.6096816658973694,"w":0.06450457870960236},"size":0.04739546775817871,"orthographic":false}