{"cameraMode":{"drawMode":0,"name":"Shaded","section":"Shading Mode"},"sceneLighting":true,"audioPlay":false,"sceneViewState":{"showFog":true,"showMaterialUpdate":false,"showSkybox":true,"showFlares":true,"showImageEffects":true,"showParticleSystems":true},"in2DMode":false,"pivot":{"x":-3.278350591659546,"y":-18.048870086669923,"z":-8.042675018310547},"rotation":{"x":0.0018023131415247918,"y":-0.8809539675712586,"z":0.47353270649909975,"w":0.0033983257599174978},"size":34.9494514465332,"orthographic":false}