{"cameraMode":{"drawMode":0,"name":"Shaded","section":"Shading Mode"},"sceneLighting":true,"audioPlay":false,"sceneViewState":{"showFog":true,"showMaterialUpdate":false,"showSkybox":true,"showFlares":true,"showImageEffects":true,"showParticleSystems":true},"in2DMode":false,"pivot":{"x":23.75487518310547,"y":16.219940185546876,"z":54.98210906982422},"rotation":{"x":-0.07787851244211197,"y":0.9220428466796875,"z":-0.2578555643558502,"w":-0.2782151699066162},"size":31.05636978149414,"orthographic":false}