{"cameraMode":{"drawMode":0,"name":"Shaded","section":"Shading Mode"},"sceneLighting":false,"audioPlay":false,"sceneViewState":{"showFog":true,"showMaterialUpdate":false,"showSkybox":true,"showFlares":true,"showImageEffects":true,"showParticleSystems":true},"in2DMode":false,"pivot":{"x":34.67436981201172,"y":-24.768125534057618,"z":13.302955627441407},"rotation":{"x":-0.05226755514740944,"y":-0.9254768490791321,"z":0.34930095076560976,"w":-0.1381850242614746},"size":227.66505432128907,"orthographic":false}