{"cameraMode":{"drawMode":0,"name":"Shaded","section":"Shading Mode"},"sceneLighting":false,"audioPlay":false,"sceneViewState":{"showFog":true,"showMaterialUpdate":false,"showSkybox":true,"showFlares":true,"showImageEffects":true,"showParticleSystems":true},"in2DMode":false,"pivot":{"x":3.058135986328125,"y":0.8073866963386536,"z":26.43868637084961},"rotation":{"x":0.082693912088871,"y":0.12521357834339143,"z":-0.010289964266121388,"w":0.988804280757904},"size":2.0576441287994386,"orthographic":false}