{"cameraMode":{"drawMode":0,"name":"Shaded","section":"Shading Mode"},"sceneLighting":false,"audioPlay":false,"sceneViewState":{"showFog":true,"showMaterialUpdate":false,"showSkybox":true,"showFlares":true,"showImageEffects":true,"showParticleSystems":true},"in2DMode":false,"pivot":{"x":26.592966079711915,"y":-1.2758004665374756,"z":39.64986038208008},"rotation":{"x":0.10357297956943512,"y":-0.6284072995185852,"z":0.08507665991783142,"w":0.7664973735809326},"size":16.53571319580078,"orthographic":false}