{"cameraMode":{"drawMode":0,"name":"Shaded","section":"Shading Mode"},"sceneLighting":true,"audioPlay":false,"sceneViewState":{"showFog":true,"showMaterialUpdate":false,"showSkybox":true,"showFlares":true,"showImageEffects":true,"showParticleSystems":true},"in2DMode":false,"pivot":{"x":-4.851169586181641,"y":-9.299817085266114,"z":42.94112777709961},"rotation":{"x":0.20954769849777223,"y":-0.0592220313847065,"z":0.012703840620815754,"w":0.9759489893913269},"size":48.42205810546875,"orthographic":false}