{"cameraMode":{"drawMode":0,"name":"Shaded","section":"Shading Mode"},"sceneLighting":true,"audioPlay":false,"sceneViewState":{"showFog":true,"showMaterialUpdate":false,"showSkybox":true,"showFlares":true,"showImageEffects":true,"showParticleSystems":true},"in2DMode":false,"pivot":{"x":-1.5382485389709473,"y":1.991544485092163,"z":2.2889695167541506},"rotation":{"x":-0.6560781598091126,"y":0.03235742077231407,"z":-0.028167124837636949,"w":-0.7534906268119812},"size":9.556671142578125,"orthographic":false}