{"cameraMode":{"drawMode":0,"name":"Shaded","section":"Shading Mode"},"sceneLighting":true,"audioPlay":false,"sceneViewState":{"showFog":true,"showMaterialUpdate":false,"showSkybox":true,"showFlares":true,"showImageEffects":true,"showParticleSystems":true},"in2DMode":false,"pivot":{"x":-1.2778677940368653,"y":0.737506091594696,"z":5.04116153717041},"rotation":{"x":0.707301676273346,"y":-0.007201420143246651,"z":0.007242014165967703,"w":0.7068632245063782},"size":8.514016151428223,"orthographic":false}